DiscreteTask,32
TrialNumber,49,N/A
Success,1,(bool)
TrialScore,99,N/A
TotalScoreSinceBlockBegan,4948,N/A
MotionDuration,1.14412,(s)
targetTime,1.4,(s)
MaxResidAngle,10.7387,(s)
StartToTargetDistance,0.25,(m)
HMInertia,3,(kg)
PendulumMass,1.1,(kg)
PendulumDamping,0,(N.m.s)
PendulumLength,0.5,(m)
ArcOfCup,2.26893,(rad)
PendulumInitialAngle,0,(rad)
PendulumInitialVelocity,0,(rad/s)
TargetAccuracyFactor,1.3,(target width=factor*cup width)
CartAccelerationAmplificationFactor,1,N/A
VisualScalingFactor,6,(visual=factor*real)
CupAdditionalVisualScalingFactor,0.025,(visual_cup=additionalFactor*visualFactor*real)
AutoStartMode,0,(bool)
CanBallEscape,0,(bool)
DampingEnOfMotion,0,(bool)
PerturbationInBlock,0,(bool)
PerturbationInTrial,N/A,(bool)
PerturbationMagnitude,N/A,(N)
PerturbationDuration,N/A,(s)
PerturbationDistance,N/A,percentage of start to target distance)
PerturbationDirection,N/A,(+1:right, -1:left)
PerturbationVisible,N/A,(bool)
PerturbationRandomEvent,N/A,(bool)
PerturbationRandomDistance,N/A,(bool)
PerturbationRandomDirection,N/A,(bool)
Time,Pendulum_Angle,Pendulum_AngularVel,Pendulum_AngularAcc,Cart_Pos_X,Cart_Vel_X,Cart_Acc_X,Ball_Force,User_Force_X,User_Force_Y,User_Force_Z
(s),(rad),(rad/s),(rad/s/s),(m),(m/s),(m/s/s),(N),(N),(N),(N)
0.00102741,0,0,0,-0.125346,8.32488e-005,-0.0156225,0,0.144784,0.0116364,-0.230676
0.0115744,0,0,0,-0.125345,5.97752e-005,0.00248512,0,0.206564,0.0660171,-0.293316
0.0221381,0,0,0,-0.125344,6.78451e-005,-0.00510704,0,0.220068,0.0550177,-0.277656
0.0328195,0,0,0,-0.125344,6.72195e-005,0.00100216,0,0.191286,0.0697366,-0.332466
0.0446313,0,0,0,-0.125343,5.39995e-005,0.00262635,0,0.197153,0.0605961,-0.261996
0.0556198,0,0,0,-0.125343,2.1488e-005,0.00113628,0,0.155967,0.024342,-0.261996
0.0666766,0,0,0,-0.125342,1.11277e-006,-0.0103662,0,0.16825,-0.0249243,-0.332466
0.0772823,0,0,0,-0.125342,8.39045e-006,-0.00746562,0,0.171794,-0.0103611,-0.387276
0.0876693,0,0,0,-0.125342,8.92679e-006,0.00829628,0,0.165377,0.0297647,-0.316806
0.0986248,0,0,0,-0.125342,1.35522e-005,-0.00736172,0,0.181204,-0.00493835,-0.340296
0.109648,0,0,0,-0.125342,1.29818e-005,0.00378279,0,0.163605,0.0224831,-0.308976
0.120631,0,0,0,-0.125342,3.4071e-006,-0.0127599,0,0.183526,-0.0286421,-0.324636
0.131625,0,0,0,-0.125342,1.15252e-005,-0.012291,0,0.145335,-0.0193465,-0.324636
0.142653,0,0,0,-0.125342,1.60415e-005,0.00330522,0,0.155967,0.0243433,-0.387276
0.153179,0,0,0,-0.125341,2.49402e-005,-0.0110327,0,0.108914,-0.00277078,-0.379446
0.163695,0,0,0,-0.125341,2.62108e-005,-0.00648049,0,0.120097,0.00993366,-0.363786
0.174381,0,0,0,-0.125341,2.05097e-005,0.0124436,0,0.138367,0.0517646,-0.324636
0.185609,0,0,0,-0.125341,1.54036e-005,0.0203358,0,0.109585,0.0664815,-0.457746
0.196635,0,0,0,-0.125341,-6.59272e-006,-0.00853352,0,0.0542238,-0.0280265,-0.402936
0.207642,0,0,0,-0.125341,-3.82394e-007,0.00780716,0,0.0819049,0.019227,-0.387276
0.21829,0,0,0,-0.125341,7.92985e-006,-0.00278049,0,0.0936377,0.00094604,-0.308976
0.229606,0,0,0,-0.12534,2.77255e-006,-0.013002,0,0.0618625,-0.0298849,-0.301146
0.240654,0,0,0,-0.12534,-4.61061e-007,0.003398,0,0.127735,0.00807376,-0.348126
0.251609,0,0,0,-0.12534,5.50567e-006,0.0149002,0,0.0795827,0.0429307,-0.340296
0.262611,0,0,0,-0.12534,-3.88176e-006,0.00704141,0,0.0724945,0.0138043,-0.379446
0.273653,0,0,0,-0.12534,-8.83446e-006,0.00389395,0,0.0936377,0.00094604,-0.340296
0.284025,0,0,0,-0.12534,-4.32612e-006,0.00277824,0,0.118325,0.00265203,-0.363786
0.294657,0,0,0,-0.125341,-1.83357e-005,0.0105145,0,0.127735,0.00807376,-0.387276
0.305617,0,0,0,-0.125341,-3.46574e-005,-0.00691982,0,0.121197,-0.052038,-0.355956
0.316613,0,0,0,-0.125341,-4.02543e-005,-0.00401269,0,0.145885,-0.050333,-0.363786
0.327723,0,0,0,-0.125342,-1.79014e-005,-0.000637098,0,0.17766,-0.0195016,-0.355956
0.338642,0,0,0,-0.125342,1.36166e-008,0.00166759,0,0.175338,0.00420213,-0.324636
0.349643,0,0,0,-0.125342,6.01954e-006,-0.00794058,0,0.111237,-0.0264754,-0.316806
0.361166,0,0,0,-0.125341,4.17455e-005,-0.0163049,0,0.125963,0.000792155,-0.308976
0.371773,0,0,0,-0.125341,8.28823e-005,0.00580621,0,0.109036,0.0974658,-0.348126
0.382649,0,0,0,-0.12534,9.8176e-005,-0.000160038,0,0.0443837,0.097774,-0.379446
0.39367,0,0,0,-0.125339,8.39259e-005,0.00107307,0,0.0919862,0.0939028,-0.363786
0.404667,0,0,0,-0.125338,7.06878e-005,-0.00235358,0,0.0848982,0.0647763,-0.371616
0.415317,0,0,0,-0.125338,3.24475e-005,0.00991094,0,0.115452,0.057341,-0.387276
0.425655,0,0,0,-0.125337,-1.90367e-006,0.0076119,0,0.121869,0.0172153,-0.363786
0.436436,0,0,0,-0.125338,-3.51144e-005,-0.0031595,0,0.147657,-0.0430501,-0.348126
0.446849,0,0,0,-0.125338,-6.25674e-005,0.00209467,0,0.0794618,-0.0573062,-0.324636
0.457642,0,0,0,-0.125339,-7.30341e-005,-0.00749364,0,0.0629627,-0.091856,-0.402936
0.46828,0,0,0,-0.12534,-7.72902e-005,0.0130753,0,0.0636343,-0.0226038,-0.387276
0.478868,0,0,0,-0.125341,-5.76134e-005,0.00955932,0,0.077139,-0.0336031,-0.324636
0.489544,0,0,0,-0.125341,-3.17437e-005,0.00511909,0,0.0483574,-0.018886,-0.332466
0.500667,0,0,0,-0.125341,-1.95982e-006,0.00491859,0,0.0231199,0.0103943,-0.387276
0.511278,0,0,0,-0.125341,3.10619e-005,0.0358749,0,0.106714,0.12117,-0.387276
0.522663,0,0,0,-0.125341,3.46526e-005,-0.000343358,0,0.085449,0.0337902,-0.402936
0.533025,0,0,0,-0.12534,2.28693e-005,-0.00206766,0,0.024892,0.0176759,-0.379446
0.544657,0,0,0,-0.12534,1.53076e-005,-0.00275729,0,0.063084,0.00838207,-0.395106
0.555657,0,0,0,-0.12534,-3.27479e-006,0.00242083,0,0.0859992,0.00280564,-0.402936
0.566284,0,0,0,-0.12534,-2.57801e-005,0.00268348,0,0.0806831,-0.0190399,-0.418596
0.578681,0,0,0,-0.125341,-2.6622e-005,-0.00709736,0,0.0583181,-0.0444486,-0.395106
0.589416,0,0,0,-0.125341,-4.06292e-005,0.00199597,0,0.117103,-0.0356159,-0.449916
0.59998,0,0,0,-0.125341,-3.41988e-005,-0.00278443,0,0.140018,-0.0411925,-0.449916
0.61146,0,0,0,-0.125342,-3.87547e-005,0.0056289,0,0.103598,-0.0246165,-0.426426
0.622676,0,0,0,-0.125342,-2.63378e-005,0.00284427,0,0.113009,-0.0191938,-0.442086
0.633713,0,0,0,-0.125342,-1.68479e-005,0.00270517,0,0.107142,-0.0100533,-0.426426
0.64466,0,0,0,-0.125343,-1.24649e-005,-0.00563934,0,0.143562,-0.0266293,-0.426426
0.655661,0,0,0,-0.125343,-1.29349e-005,-0.00397204,0,0.128286,-0.0229115,-0.418596
0.666219,0,0,0,-0.125343,-2.15622e-005,-0.0106533,0,0.105921,-0.0483202,-0.465577
0.676886,0,0,0,-0.125343,-1.45018e-005,0.00608902,0,0.125963,0.000792155,-0.496897
0.687725,0,0,0,-0.125343,-1.68892e-005,0.00420175,0,0.0918656,-0.00633557,-0.426426
0.698672,0,0,0,-0.125343,-2.18866e-005,0.0135309,0,0.0478072,0.0120993,-0.434256
0.709707,0,0,0,-0.125343,7.8436e-007,-0.000614443,0,0.0689504,-0.000758948,-0.449916
0.72035,0,0,0,-0.125344,-6.16758e-006,-0.000745695,0,0.0671783,-0.00804056,-0.434256
0.730885,0,0,0,-0.125344,-6.88758e-006,0.00891694,0,0.0971817,0.0155093,-0.402936
0.741658,0,0,0,-0.125344,-1.86702e-005,-0.00446514,0,0.0618622,-0.0298854,-0.465577
0.752154,0,0,0,-0.125344,-1.39263e-005,0.0037622,0,0.0842272,-0.0044767,-0.434256
0.762682,0,0,0,-0.125344,-4.40941e-005,0.00787723,0,0.038947,-0.0243088,-0.418596
0.773662,0,0,0,-0.125345,-3.29703e-005,0.00628622,0,0.0730447,-0.017181,-0.434256
0.784165,0,0,0,-0.125345,-3.93597e-005,-0.00270488,0,0.0336309,-0.0461536,-0.426426
0.79568,0,0,0,-0.125345,-4.7986e-005,-0.00870771,0,0.0359531,-0.0698573,-0.496897
0.806271,0,0,0,-0.125346,-4.81313e-005,0.000725883,0,0.0659561,-0.046308,-0.473407
0.816702,0,0,0,-0.125347,-4.80692e-005,-0.00435683,0,0.0547735,-0.0590123,-0.481237
0.82867,0,0,0,-0.125347,-5.693e-005,0.0181068,0,0.0178037,-0.0114507,-0.426426
0.839665,0,0,0,-0.125348,-6.26823e-005,-0.00575576,0,0.0341804,-0.0771392,-0.426426
0.850638,0,0,0,-0.125348,-4.25244e-005,-0.00218514,0,0.0412689,-0.0480128,-0.449916
0.861861,0,0,0,-0.125349,-2.41908e-005,-0.00546211,0,0.0107149,-0.0405772,-0.449916
0.872674,0,0,0,-0.125349,-3.2063e-005,0.00530734,0,0.0160315,-0.0187324,-0.442086
0.88367,0,0,0,-0.125349,-2.35166e-005,0.00258341,0,0.0407187,-0.0170278,-0.402936
0.895674,0,0,0,-0.12535,-1.79557e-005,0.000307917,0,0.0730444,-0.0171823,-0.449916
0.90667,0,0,0,-0.12535,-2.56771e-007,0.000416763,0,0.125963,0.000790021,-0.410766
0.917709,0,0,0,-0.12535,7.37247e-006,-0.00255921,0,0.0936377,0.000944454,-0.426426
0.928695,0,0,0,-0.12535,-1.75444e-006,0.00101304,0,0.125963,0.000790021,-0.395106
0.939718,0,0,0,-0.125349,1.67323e-005,-0.0122067,0,0.154745,-0.0139276,-0.418596
0.950726,0,0,0,-0.125349,1.22259e-005,-0.00381287,0,0.118325,0.00264902,-0.457746
0.962698,0,0,0,-0.125349,3.52441e-006,-0.00762687,0,0.130057,-0.0156321,-0.434256
0.973738,0,0,0,-0.125349,-2.43703e-006,-0.00167573,0,0.156517,-0.00664599,-0.434256
0.984428,0,0,0,-0.125349,-1.1315e-005,-0.00825702,0,0.134151,-0.0320543,-0.418596
0.995678,0,0,0,-0.125349,-2.07895e-005,-0.000105606,0,0.120647,-0.0210547,-0.418596
1.00609,0,0,0,-0.12535,-1.79552e-005,0.0118424,0,0.112459,0.0117896,-0.402936
1.01671,0,0,0,-0.12535,-2.75393e-005,-0.00321634,0,0.117102,-0.0356179,-0.418596
1.02768,0,0,0,-0.12535,-2.62168e-005,0.0108138,0,0.0936377,0.000944454,-0.418596
1.03869,0,0,0,-0.12535,-3.22531e-005,0.00526005,0,0.0806828,-0.0190413,-0.426426
1.04967,0,0,0,-0.125351,-3.19221e-005,0.00864451,0,0.139468,-0.0102096,-0.387276
1.06027,0,0,0,-0.125351,-4.1919e-005,0.0112673,0,0.0900933,-0.0136187,-0.442086
1.07067,0,0,0,-0.125352,-4.01006e-005,0.00826147,0,0.145334,-0.0193501,-0.442086
1.08115,0,0,0,-0.125352,-4.37596e-005,-0.00483848,0,0.168799,-0.0559125,-0.434256
1.09184,0,0,0,-0.125352,-3.25321e-005,0.0240612,0,0.154072,-0.0831798,-0.442086
1.10255,0,0,0,-0.125353,-3.80355e-005,0.00676022,0,0.120647,-0.0210557,-0.426426
1.11293,0,0,0,-0.125353,-2.55549e-005,-0.00844774,0,0.162932,-0.0467733,-0.418596
1.12334,0,0,0,-0.125353,-2.30174e-005,-0.012357,0,0.16116,-0.0540548,-0.387276
1.13383,0,0,0,-0.125353,7.08067e-006,0.0126072,0,0.191837,0.0387464,-0.410766
1.14426,0,0,0,-0.125353,1.48955e-005,-0.00573949,0,0.190615,0.00047954,-0.395106
1.1548,0,0,0,-0.125353,2.76905e-005,-0.0094149,0,0.207664,0.00404297,-0.387276
1.16551,0,0,0,-0.125353,3.66117e-005,0.00294721,0,0.233574,0.0440142,-0.434256
1.17605,0,0,0,-0.125352,2.06394e-005,-0.0225831,0,0.214079,-0.036083,-0.418596
1.18643,0,0,0,-0.125352,3.77532e-005,-0.00404471,0,0.237667,0.027594,-0.442086
1.19687,0,0,0,-0.125352,1.48658e-005,0.00568472,0,0.29468,0.0291442,-0.434256
1.20723,0,0,0,-0.125352,4.22152e-006,-0.0030924,0,0.270543,-0.00354572,-0.426426
1.21784,0,0,0,-0.125352,-1.51902e-006,-0.00228812,0,0.285819,-0.00726615,-0.442086
1.22904,0,0,0,-0.125352,-9.48345e-006,0.0068048,0,0.224713,0.0076083,-0.449916
1.23943,0,0,0,-0.125352,-1.33929e-005,-0.00829285,0,0.206441,-0.0342222,-0.449916
1.25,0,0,0,-0.125352,-2.39724e-005,-0.00994115,0,0.235222,-0.0489418,-0.442086
1.26054,0,0,0,-0.125352,-1.6458e-005,0.00014436,0,0.227034,-0.0160954,-0.457746
1.27099,0,0,0,-0.125352,-1.71097e-005,-0.00187904,0,0.282275,-0.0218293,-0.457746
1.28148,0,0,0,-0.125352,-2.40724e-005,-0.00706299,0,0.26932,-0.0418126,-0.434256
1.29182,0,0,0,-0.125353,-1.17885e-005,-0.00245489,0,0.234673,-0.0179544,-0.410766
1.3025,0,0,0,-0.125353,-2.15399e-005,-0.00653026,0,0.221718,-0.0379421,-0.418596
1.31289,0,0,0,-0.125353,-2.45198e-005,-0.000162168,0,0.168249,-0.0249272,-0.434256
1.32329,0,0,0,-0.125353,-2.3673e-005,0.000178663,0,0.192936,-0.0232242,-0.395106
1.33381,0,0,0,-0.125353,-2.57473e-005,-0.000536576,0,0.240539,-0.027095,-0.410766
1.34439,0,0,0,-0.125354,-1.21831e-005,0.00491825,0,0.255266,0.000170125,-0.434256
1.35494,0,0,0,-0.125354,-1.79019e-005,0.0217526,0,0.231801,0.0367346,-0.418596
1.36542,0,0,0,-0.125354,-2.66231e-005,-0.00666532,0,0.212307,-0.0433646,-0.418596
1.37599,0,0,0,-0.125354,-2.7672e-005,-0.0120458,0,0.218173,-0.0525052,-0.426426
1.38661,0,0,0,-0.125355,-3.00782e-005,-0.00313011,0,0.221718,-0.0379402,-0.434256
1.39712,0,0,0,-0.125355,-1.81899e-005,-0.00212753,0,0.257588,-0.0235336,-0.449916
1.40769,0,0,0,-0.125355,-1.0121e-005,0.00409726,0,0.255266,0.000170125,-0.395106
1.41828,0,0,0,-0.125355,-1.05664e-005,0.00137638,0,0.253494,-0.00710929,-0.371616
1.42943,0,0,0,-0.125355,-1.63626e-005,0.00874113,0,0.264677,0.00559262,-0.379446
1.44008,0,0,0,-0.125355,-1.89773e-005,-0.00761212,0,0.254043,-0.0380968,-0.426426
1.45053,0,0,0,-0.125355,-1.56647e-006,-0.00146665,0,0.245855,-0.00525029,-0.426426
1.46174,0,0,0,-0.125355,-4.09597e-006,0.00176007,0,0.22294,0.000324833,-0.457746
1.47273,0,0,0,-0.125356,2.91013e-006,0.00544819,0,0.251172,0.0165945,-0.481237
1.48377,0,0,0,-0.125356,-2.23702e-005,-0.0106406,0,0.267548,-0.0490965,-0.465577
1.4947,0,0,0,-0.125356,-2.65738e-005,0.00558974,0,0.244083,-0.0125339,-0.457746
1.50567,0,0,0,-0.125356,-2.32373e-005,0.00432297,0,0.211758,-0.0123792,-0.465577
1.51675,0,0,0,-0.125356,-3.60025e-005,0.00138666,0,0.231128,-0.0325196,-0.442086
1.52775,0,0,0,-0.125357,-3.02904e-005,0.0172469,0,0.234123,0.0130289,-0.465577
1.5387,0,0,0,-0.125357,-4.16279e-005,-0.0108689,0,0.222267,-0.0689274,-0.465577
1.54972,0,0,0,-0.125358,-5.25062e-005,-0.00937526,0,0.188169,-0.0760542,-0.449916
1.56068,0,0,0,-0.125358,-3.61836e-005,-0.00144028,0,0.229356,-0.0398011,-0.489067
1.57171,0,0,0,-0.125358,-3.50878e-005,0.00250283,0,0.215851,-0.0288014,-0.489067
1.58271,0,0,0,-0.125359,-3.73077e-005,0.000487615,0,0.214079,-0.036083,-0.473407
1.5937,0,0,0,-0.125359,-2.53085e-005,0.0160036,0,0.226485,0.014888,-0.496897
1.60412,0,0,0,-0.125359,-1.7049e-005,-0.000299677,0,0.202347,-0.0178017,-0.457746
1.61467,0,0,0,-0.125359,-1.93527e-005,-0.00296009,0,0.175887,-0.0267877,-0.520387
1.62527,0,0,0,-0.12536,-2.60673e-005,-0.00398758,0,0.214079,-0.036083,-0.528217
1.63571,0,0,0,-0.12536,-3.17448e-005,0.00252898,0,0.265226,-0.0253927,-0.449916
1.6467,0,0,0,-0.12536,-2.48999e-005,0.00350458,0,0.227034,-0.0160974,-0.481237
1.65771,0,0,0,-0.125361,-3.5566e-005,-0.00378344,0,0.185847,-0.0523505,-0.489067
1.66836,0,0,0,-0.125361,-3.89669e-005,0.0120651,0,0.196481,-0.00866276,-0.496897
1.6799,0,0,0,-0.125362,-3.57617e-005,-0.0022258,0,0.172343,-0.0413522,-0.496897
1.69073,0,0,0,-0.125362,-5.11904e-005,-0.00336154,0,0.184075,-0.0596336,-0.473407
1.70173,0,0,0,-0.125363,-3.80517e-005,0.00664284,0,0.185298,-0.0213667,-0.449916
1.71301,0,0,0,-0.125363,-5.42789e-005,0.015324,0,0.162383,-0.0157893,-0.449916
1.72368,0,0,0,-0.125364,-3.89418e-005,0.00335802,0,0.191164,-0.0305074,-0.395106
1.73471,0,0,0,-0.125364,-3.50694e-005,0.00841624,0,0.154744,-0.0139302,-0.442086
1.74571,0,0,0,-0.125365,-2.60284e-005,0.0112933,0,0.182976,0.00233706,-0.395106
1.7567,0,0,0,-0.125365,-4.60859e-005,-0.00971204,0,0.165253,-0.0704798,-0.434256
1.76773,0,0,0,-0.125365,-4.47588e-005,-0.0175189,0,0.176985,-0.0887613,-0.426426
1.77872,0,0,0,-0.125366,-3.10002e-005,-0.00122304,0,0.174115,-0.0340722,-0.449916
1.78972,0,0,0,-0.125366,-3.16433e-005,0.00113001,0,0.215851,-0.0288051,-0.465577
1.80073,0,0,0,-0.125366,-1.97208e-005,0.00656073,0,0.205891,-0.00324208,-0.465577
1.81172,0,0,0,-0.125367,-2.76142e-005,0.0031033,0,0.242311,-0.0198196,-0.434256
1.82274,0,0,0,-0.125367,-2.44643e-005,-0.00468906,0,0.246404,-0.0362419,-0.442086
1.83373,0,0,0,-0.125367,-1.13376e-005,0.0103161,0,0.291136,0.0145736,-0.442086
1.84468,0,0,0,-0.125367,-2.29357e-005,0.00191903,0,0.266998,-0.0181157,-0.402936
1.85571,0,0,0,-0.125368,-2.4878e-005,-0.00526457,0,0.254043,-0.0381011,-0.442086
1.86672,0,0,0,-0.125368,-2.21552e-005,-0.00702698,0,0.229355,-0.039805,-0.410766
1.87772,0,0,0,-0.125368,-4.16058e-005,0.00207375,0,0.27873,-0.0363971,-0.434256
1.8883,0,0,0,-0.125369,-3.14928e-005,0.00754654,0,0.244083,-0.0125381,-0.402936
1.89974,0,0,0,-0.125369,-3.12706e-005,-0.00204106,0,0.27873,-0.0363971,-0.355956
1.91072,0,0,0,-0.125369,-3.17049e-005,-0.00396515,0,0.236994,-0.0416642,-0.426426
1.92174,0,0,0,-0.12537,-3.42124e-005,-0.00444808,0,0.25227,-0.0453847,-0.379446
1.93274,0,0,0,-0.12537,-3.87764e-005,0.00606606,0,0.257587,-0.0235402,-0.379446
1.94374,0,0,0,-0.12537,-3.03722e-005,-0.0110967,0,0.273412,-0.058244,-0.418596
1.95471,0,0,0,-0.12537,-2.16134e-005,0.000589495,0,0.306962,-0.0201327,-0.457746
1.96572,0,0,0,-0.125371,-2.24697e-005,0.00389138,0,0.276409,-0.0126957,-0.449916
1.97615,0,0,0,-0.125371,-2.44636e-005,0.00826256,0,0.302868,-0.00371041,-0.402936
1.98681,0,0,0,-0.125371,-2.81991e-005,-0.000489686,0,0.345153,-0.029429,-0.410766
1.99772,0,0,0,-0.125371,-1.85849e-005,0.0102396,0,0.32169,0.0071341,-0.348126
2.00874,0,0,0,-0.125372,-1.6708e-005,-0.00123964,0,0.24231,-0.0198217,-0.395106
2.0197,0,0,0,-0.125372,-2.46336e-005,0.00111364,0,0.282274,-0.0218364,-0.402936
2.03074,0,0,0,-0.125372,-2.19509e-005,-0.00495033,0,0.238766,-0.0343847,-0.434256
2.04172,0,0,0,-0.125372,-1.51581e-005,-0.0178323,0,0.248725,-0.0599478,-0.481237
2.05275,0,0,0,-0.125372,-2.35908e-005,-0.0102193,0,0.299872,-0.0492588,-0.426426
2.06372,0,0,0,-0.125372,-1.43997e-005,-0.00148035,0,0.266998,-0.0181179,-0.387276
2.07472,0,0,0,-0.125373,-1.47447e-005,-0.00208323,0,0.274636,-0.0199772,-0.434256
2.08574,0,0,0,-0.125373,-1.61902e-005,-0.00230988,0,0.3146,-0.021992,-0.324636
2.09697,0,0,0,-0.125373,-2.21709e-005,-0.00498657,0,0.303417,-0.0346958,-0.395106
2.10773,0,0,0,-0.125373,-2.49308e-005,0.0137871,0,0.283498,0.0164304,-0.410766
2.11873,0,0,0,-0.125374,-3.63214e-005,-0.00508891,0,0.267546,-0.0491033,-0.465577
2.12973,0,0,0,-0.125374,-4.47326e-005,-0.00463914,0,0.265774,-0.0563848,-0.473407
2.14017,0,0,0,-0.125375,-3.24431e-005,-0.00447418,0,0.276957,-0.043681,-0.418596
2.15065,0,0,0,-0.125375,-2.06176e-005,-0.00770184,0,0.261681,-0.0399625,-0.442086
2.16125,0,0,0,-0.125375,-3.84057e-005,-0.00709616,0,0.233448,-0.0562293,-0.426426
2.1718,0,0,0,-0.125376,-2.57305e-005,0.0110496,0,0.247628,0.0020229,-0.504727
2.18275,0,0,0,-0.125376,-2.1715e-005,0.00433113,0,0.26877,-0.0108364,-0.457746
2.19375,0,0,0,-0.125376,6.00767e-007,0.00488377,0,0.266449,0.0128674,-0.449916
2.20435,0,0,0,-0.125376,-1.44068e-005,-0.00221775,0,0.274636,-0.0199772,-0.465577
2.21486,0,0,0,-0.125376,-5.63395e-006,7.24814e-005,0,0.278181,-0.0054165,-0.465577
2.22575,0,0,0,-0.125376,-2.39543e-005,0.000780208,0,0.3146,-0.0219946,-0.418596
2.23615,0,0,0,-0.125377,-4.54578e-005,0.000582414,0,0.341608,-0.043995,-0.418596
2.24719,0,0,0,-0.125377,-5.91439e-005,0.00177583,0,0.290461,-0.0546835,-0.457746
2.25782,0,0,0,-0.125378,-4.52178e-005,-0.0045089,0,0.309831,-0.0748245,-0.387276
2.26875,0,0,0,-0.125379,-4.99272e-005,0.0133417,0,0.291685,-0.0164167,-0.457746
2.27935,0,0,0,-0.125379,-5.59655e-005,-0.0204609,0,0.253366,-0.107358,-0.465577
2.28989,0,0,0,-0.12538,-3.72222e-005,0.0126629,0,0.278181,-0.0054165,-0.426426
2.30079,0,0,0,-0.12538,-3.23659e-005,-0.00666461,0,0.267546,-0.0491055,-0.449916
2.31133,0,0,0,-0.12538,-1.67319e-005,0.00666381,0,0.287592,5.67465e-006,-0.395106
2.32182,0,0,0,-0.12538,-6.83832e-006,-0.000852417,0,0.261132,-0.00897935,-0.442086
2.33234,0,0,0,-0.12538,1.28518e-006,0.00164834,0,0.297002,0.00542534,-0.418596
2.34287,0,0,0,-0.125381,-4.72587e-006,-0.00755449,0,0.289912,-0.0237006,-0.426426
2.35335,0,0,0,-0.125381,-1.76044e-005,0.00978494,0,0.354016,0.00697258,-0.496897
2.36389,0,0,0,-0.125381,1.75201e-007,0.000547544,0,0.344605,0.00155048,-0.442086
2.37471,0,0,0,-0.125381,-2.27577e-005,0.00819733,0,0.359881,-0.00216831,-0.457746
2.38576,0,0,0,-0.125381,-2.77479e-005,0.00290552,0,0.371613,-0.0204501,-0.481237
2.3972,0,0,0,-0.125382,-2.39309e-005,-0.00293162,0,0.352791,-0.0312943,-0.426426
2.40776,0,0,0,-0.125382,-2.43609e-005,-0.00646052,0,0.390983,-0.0405879,-0.457746
2.41833,0,0,0,-0.125382,-3.75545e-005,-0.013482,0,0.359206,-0.0714175,-0.410766
2.42981,0,0,0,-0.125382,-5.60713e-006,-4.93213e-005,0,0.342832,-0.00573101,-0.434256
2.44023,0,0,0,-0.125383,-1.71144e-005,0.00521024,0,0.36752,-0.0040277,-0.489067
2.45076,0,0,0,-0.125383,-2.41426e-005,-0.00210702,0,0.345153,-0.0294349,-0.481237
2.46172,0,0,0,-0.125383,-2.60508e-005,-0.00424633,0,0.34338,-0.0367164,-0.465577
2.47219,0,0,0,-0.125383,-2.53017e-006,0.0154415,0,0.32878,0.0362546,-0.426426
2.48277,0,0,0,-0.125384,-1.90536e-005,0.0125206,0,0.363426,0.0123947,-0.496897
2.49331,0,0,0,-0.125384,-1.61016e-005,0.0114075,0,0.331101,0.0125508,-0.465577
2.50377,0,0,0,-0.125384,-2.64943e-005,0.00684812,0,0.325783,-0.00929372,-0.473407
2.51425,0,0,0,-0.125384,-2.50703e-005,-0.00963226,0,0.299871,-0.0492639,-0.449916
2.52475,0,0,0,-0.125385,-4.56985e-005,-0.0188757,0,0.321562,-0.0931089,-0.449916
2.53522,0,0,0,-0.125385,-2.9496e-005,0.00804323,0,0.325783,-0.00929372,-0.457746
2.54571,0,0,0,-0.125385,-2.47994e-005,0.00315005,0,0.388662,-0.0168874,-0.371616
2.55617,0,0,0,-0.125386,-2.78029e-005,0.00554994,0,0.333421,-0.0111531,-0.426426
2.56663,0,0,0,-0.125386,-3.91514e-006,0.0246278,0,0.366423,0.057943,-0.371616
2.57703,0,0,0,-0.125386,9.93406e-007,0.00731396,0,0.42985,0.019364,-0.426426
2.58752,0,0,0,-0.125386,6.3971e-006,-0.00637132,0,0.390434,-0.00960587,-0.402936
2.59825,0,0,0,-0.125386,2.09903e-005,0.00749566,0,0.345829,0.0398173,-0.473407
2.60859,0,0,0,-0.125385,1.85547e-005,-0.0126301,0,0.373385,-0.0131686,-0.418596
2.61919,0,0,0,-0.125385,2.36311e-005,-0.00311731,0,0.412801,0.0158013,-0.410766
2.62966,0,0,0,-0.125385,2.32966e-005,-0.00958458,0,0.44922,-0.000777142,-0.371616
2.64025,0,0,0,-0.125384,1.91529e-005,-0.00503583,0,0.450993,0.00650435,-0.363786
2.65068,0,0,0,-0.125384,1.57309e-005,-0.0108899,0,0.430398,-0.0116213,-0.395106
2.6612,0,0,0,-0.125384,1.34164e-005,-0.00417036,0,0.433943,0.00294164,-0.418596
2.67169,0,0,0,-0.125384,5.50222e-006,-0.00317817,0,0.424533,-0.00248046,-0.402936
2.6823,0,0,0,-0.125384,2.06611e-006,-0.0148246,0,0.400393,-0.0351691,-0.410766
2.69294,0,0,0,-0.125384,6.86889e-006,0.00559238,0,0.486863,0.0209154,-0.426426
2.70348,0,0,0,-0.125384,1.60809e-005,-0.00233072,0,0.435716,0.0102268,-0.387276
2.71459,0,0,0,-0.125383,3.14071e-005,0.00464397,0,0.427529,0.0430715,-0.426426
2.72523,0,0,0,-0.125383,3.59839e-005,0.0137396,0,0.409932,0.070494,-0.426426
2.73586,0,0,0,-0.125383,5.4953e-005,0.00396661,0,0.432847,0.064916,-0.371616
2.74647,0,0,0,-0.125382,4.59685e-005,0.0119232,0,0.419342,0.0759162,-0.465577
2.75692,0,0,0,-0.125382,5.66534e-005,0.0119867,0,0.438164,0.0867605,-0.465577
2.76758,0,0,0,-0.125381,5.94576e-005,0.00359166,0,0.449896,0.0684789,-0.395106
2.77811,0,0,0,-0.12538,4.93273e-005,-0.0017504,0,0.419891,0.0449308,-0.465577
2.78857,0,0,0,-0.12538,6.92848e-005,0.00196193,0,0.394655,0.0742126,-0.418596
2.79908,0,0,0,-0.125379,4.15241e-005,-0.000802407,0,0.41048,0.0395086,-0.418596
2.80957,0,0,0,-0.125379,2.84513e-005,-0.00145775,0,0.477452,0.0154932,-0.402936
2.82025,0,0,0,-0.125379,3.51014e-005,0.00298706,0,0.524506,0.0426041,-0.434256
2.83174,0,0,0,-0.125378,2.41555e-005,0.00241131,0,0.448672,0.030212,-0.426426
2.84277,0,0,0,-0.125378,4.04508e-005,0.000981348,0,0.459855,0.0429157,-0.426426
2.85376,0,0,0,-0.125377,5.23752e-005,0.00135365,0,0.438712,0.0557752,-0.395106
2.8649,0,0,0,-0.125377,4.88779e-005,0.000525248,0,0.461627,0.0501972,-0.442086
2.87576,0,0,0,-0.125376,6.84998e-005,0.0101692,0,0.439937,0.094042,-0.402936
2.88636,0,0,0,-0.125375,5.92924e-005,-0.00207715,0,0.414025,0.0540752,-0.387276
2.89777,0,0,0,-0.125375,8.41696e-005,0.0104703,0,0.435842,0.110468,-0.355956
2.90881,0,0,0,-0.125374,7.74771e-005,-0.00216242,0,0.466944,0.0720457,-0.355956
2.9195,0,0,0,-0.125373,6.6642e-005,0.00147305,0,0.442257,0.0703419,-0.426426
2.93076,0,0,0,-0.125372,7.16343e-005,0.00966445,0,0.432297,0.0959087,-0.410766
2.9418,0,0,0,-0.125371,7.74769e-005,0.0102373,0,0.434069,0.10319,-0.387276
2.95279,0,0,0,-0.125371,7.05822e-005,0.00280484,0,0.444029,0.0776272,-0.410766
2.96333,0,0,0,-0.12537,9.22578e-005,0.018109,0,0.450568,0.137743,-0.379446
2.97392,0,0,0,-0.125369,8.96809e-005,0.0205536,0,0.467617,0.141306,-0.457746
2.98477,0,0,0,-0.125368,6.7346e-005,0.0142722,0,0.434068,0.103194,-0.465577
2.99523,0,0,0,-0.125367,8.52174e-005,-0.000923266,0,0.485764,0.0828984,-0.410766
3.00577,0,0,0,-0.125366,9.73675e-005,0.00299973,0,0.458754,0.104902,-0.363786
3.01676,0,0,0,-0.125365,9.18354e-005,0.0072995,0,0.500491,0.11017,-0.363786
3.02777,0,0,0,-0.125364,0.000103897,0.00835701,0,0.47171,0.124888,-0.371616
3.03878,0,0,0,-0.125363,9.72443e-005,0.0116843,0,0.496397,0.126592,-0.426426
3.04975,0,0,0,-0.125362,0.000122665,8.4894e-005,0,0.511673,0.122878,-0.457746
3.06075,0,0,0,-0.12536,0.000106942,-0.0124685,0,0.483991,0.0756251,-0.402936
3.07144,0,0,0,-0.125359,0.000129205,0.000379982,0,0.513445,0.13016,-0.395106
3.08203,0,0,0,-0.125358,0.000130568,0.00569688,0,0.484663,0.144877,-0.395106
3.09278,0,0,0,-0.125356,0.000131358,-0.00479324,0,0.494623,0.119319,-0.426426
3.10318,0,0,0,-0.125355,0.000135661,-0.000708237,0,0.498167,0.133882,-0.426426
3.11388,0,0,0,-0.125353,0.000147176,0.0112998,0,0.548764,0.175558,-0.348126
3.1246,0,0,0,-0.125352,0.000155819,-9.62577e-005,0,0.535807,0.155577,-0.395106
3.1353,0,0,0,-0.12535,0.00017753,0.00495376,0,0.584632,0.189972,-0.410766
3.14578,0,0,0,-0.125348,0.000166318,-0.0196321,0,0.599236,0.117007,-0.418596
3.15677,0,0,0,-0.125346,0.000203626,-0.0107512,0,0.640422,0.153262,-0.457746
3.16778,0,0,0,-0.125343,0.00033214,0.0295537,0,0.719917,0.280466,-0.434256
3.17877,0,0,0,-0.125339,0.000437266,-0.00506845,0,0.695109,0.178529,-0.449916
3.18977,0,0,0,-0.125334,0.00059075,0.0117848,0,0.735741,0.245776,-0.418596
3.20079,0,0,0,-0.125326,0.000818537,0.022813,0,0.74869,0.265775,-0.473407
3.2118,0,0,0,-0.125316,0.00107739,0.0163316,0,0.792745,0.247356,-0.528217
3.22278,0,0,0,-0.125302,0.00134462,0.030166,0,0.746355,0.28951,-0.567367
3.23315,0,0,0,-0.125286,0.00159077,0.0380106,0,0.711694,0.313389,-0.614347
3.24375,0,0,0,-0.125267,0.00191043,0.0308083,0,0.641719,0.291864,-0.669157
3.25483,0,0,0,-0.125246,0.00231153,0.0478431,0,0.589449,0.34316,-0.755287
3.26576,0,0,0,-0.125216,0.00288703,0.0538355,0,0.642346,0.361176,-0.794437
3.27676,0,0,0,-0.12518,0.00363369,0.0732928,0,0.624153,0.419621,-0.872738
3.28783,0,0,0,-0.125135,0.00483912,0.146844,0,0.6049,0.640281,-1.06849
3.29878,0,0,0,-0.125069,0.00687957,0.224051,0,0.572069,0.87195,-1.26424
3.3098,0,0,0,-0.124979,0.00990675,0.331141,0,0.455724,1.19328,-1.42084
3.32081,0,0,0,-0.124843,0.0144703,0.484982,0,0.365033,1.65483,-1.71055
3.33278,0,0,0,-0.124637,0.0207881,0.638932,0,0.176844,2.11671,-2.07073
3.34379,0,0,0,-0.124374,0.0284486,0.740251,0,-0.284625,2.42068,-2.41525
3.35479,0,0,0,-0.124006,0.0372523,0.875058,0,-0.301979,2.82513,-2.57185
3.36579,0,0,0,-0.123527,0.0479424,1.01115,0,-0.549904,3.1842,-2.65798
3.37676,0,0,0,-0.122949,0.059375,1.10088,0,-0.630574,3.50261,-2.73628
3.38781,0,0,0,-0.122208,0.0721668,1.17588,0,-0.743355,3.72762,-2.7676
3.39979,0,0,0,-0.121277,0.0862418,1.25686,0,-0.740689,3.97058,-2.82241
3.41076,0,0,0,-0.120225,0.100614,1.35792,0,-0.70138,4.27374,-2.97901
3.42138,0,0,0,-0.119064,0.114928,1.31353,0,-0.773278,4.14057,-3.24523
3.43378,-0.000160496,-0.0292504,-2.66702,-0.117688,0.129472,1.33351,1.46686,-0.785842,4.20053,-3.58975
3.44481,-0.000160496,-0.0292504,-2.66702,-0.116051,0.149447,1.77327,1.46686,-1.04083,4.05295,-3.84032
3.45678,-0.000693391,-0.0676884,-3.50135,-0.114258,0.168983,1.75225,1.92574,-1.13204,3.98989,-4.06739
3.46749,-0.00176699,-0.110889,-3.60347,-0.112148,0.190273,1.80854,1.9819,-1.2097,3.69987,-4.15352
3.47977,-0.00318434,-0.149732,-3.58505,-0.109892,0.21072,1.80986,1.97173,-1.29137,3.64767,-4.16135
3.49178,-0.00523875,-0.190441,-3.39049,-0.107295,0.231436,1.72649,1.86464,-1.2534,3.40772,-4.02824
3.50382,-0.00779994,-0.230632,-3.32897,-0.104336,0.252375,1.7159,1.83065,-1.26367,3.48306,-4.02824
3.51576,-0.0108585,-0.270849,-3.32708,-0.101123,0.273275,1.74011,1.82935,-1.43819,3.58969,-3.99692
3.52642,-0.0142295,-0.307249,-3.1542,-0.0977981,0.293228,1.68372,1.7339,-1.18676,3.42182,-3.809
3.53778,-0.0176979,-0.338641,-2.95704,-0.0945483,0.310846,1.61827,1.625,-1.11298,3.32092,-3.95777
3.55076,-0.022077,-0.370372,-2.61186,-0.0906341,0.329514,1.47977,1.43451,-0.998131,3.0143,-4.1222
3.56159,-0.0266874,-0.394648,-2.0595,-0.0865067,0.345643,1.24661,1.13003,-0.571816,2.50533,-4.21616
3.57378,-0.0311053,-0.411113,-1.54488,-0.0825522,0.357745,1.03458,0.846382,-0.252646,2.17372,-4.08305
3.58578,-0.0361166,-0.421129,-0.880982,-0.0782977,0.367622,0.745945,0.480702,-0.143734,1.59145,-4.0439
3.59776,-0.0411505,-0.426684,-0.517212,-0.0737609,0.375066,0.613233,0.280106,0.0605438,1.559,-3.93428
3.60978,-0.0462663,-0.426031,0.00416498,-0.069332,0.38021,0.40183,-0.00690524,0.520384,1.12538,-3.97343
3.62066,-0.0514212,-0.419575,0.478935,-0.0646699,0.383223,0.214473,-0.268043,0.752669,0.850324,-3.80117
3.63277,-0.0559288,-0.408626,0.961735,-0.0605469,0.38414,0.0233829,-0.533261,0.756053,0.538191,-3.72286
3.64363,-0.0608028,-0.394911,1.08279,-0.0558585,0.383823,0.00699052,-0.599647,1.18507,0.754232,-3.55843
3.65578,-0.0649896,-0.378123,1.50889,-0.0517417,0.38249,-0.158633,-0.833247,1.28505,0.323747,-3.7072
3.66778,-0.0694435,-0.352781,2.03588,-0.0470937,0.378848,-0.381647,-1.12179,1.47818,-0.111695,-3.58192
3.67874,-0.073499,-0.32125,2.58072,-0.0425071,0.37238,-0.611138,-1.41973,1.38204,-0.511623,-3.61324
3.68959,-0.0768212,-0.287111,3.09344,-0.0385522,0.363997,-0.828579,-1.69985,1.64242,-0.866008,-3.66805
3.70182,-0.0797168,-0.247293,3.64624,-0.034528,0.352764,-1.07341,-2.00174,1.67311,-1.32038,-3.73069
3.71379,-0.082453,-0.195996,4.12889,-0.0303153,0.337677,-1.28734,-2.26492,1.6945,-1.66027,-3.74635
3.72466,-0.0844571,-0.142991,4.46337,-0.026458,0.321071,-1.42859,-2.44705,1.72166,-1.82085,-3.53494
3.73677,-0.0857154,-0.0914399,4.79015,-0.0231011,0.304499,-1.57314,-2.6253,1.73746,-2.07238,-3.48796
3.74879,-0.0864578,-0.031213,4.96818,-0.0195092,0.284633,-1.65031,-2.72234,1.69421,-2.12564,-3.4723
3.76079,-0.0864692,0.0293235,5.02514,-0.0162936,0.264956,-1.67172,-2.75354,1.48012,-2.09283,-3.62107
3.77278,-0.0857469,0.0904418,5.07438,-0.0131904,0.244345,-1.69632,-2.78104,1.45192,-2.13542,-3.44881
3.78475,-0.0842775,0.152097,5.10261,-0.0103394,0.22355,-1.71747,-2.79755,1.41566,-2.17137,-3.30004
3.79546,-0.0821374,0.212357,5.15162,-0.00784365,0.203195,-1.75626,-2.82587,1.55042,-2.27124,-3.2374
3.80779,-0.0795215,0.268155,5.14995,-0.00576652,0.184341,-1.7761,-2.82666,1.5512,-2.30242,-3.22957
3.81846,-0.0758688,0.329469,5.05106,-0.00365282,0.162858,-1.75178,-2.77461,1.56098,-2.22867,-3.15127
3.83078,-0.072006,0.382231,4.8978,-0.00193741,0.143537,-1.71026,-2.69259,1.61584,-2.15616,-3.22174
3.84146,-0.0670328,0.437985,4.64577,-0.000375036,0.124062,-1.62132,-2.5565,1.60678,-1.97137,-3.32353
3.85279,-0.062057,0.484824,4.39161,0.000863456,0.107389,-1.54217,-2.41875,1.63486,-1.73498,-3.45664
3.86371,-0.0562822,0.530502,4.07157,0.00201759,0.0904283,-1.43015,-2.24453,1.59898,-1.67171,-3.50362
3.87455,-0.0502864,0.569835,3.66745,0.00290844,0.0762225,-1.28392,-2.02352,1.506,-1.40724,-3.50362
3.88533,-0.0438891,0.605016,3.29282,0.00365494,0.0634592,-1.15477,-1.81814,1.42821,-1.24079,-3.4723
3.89621,-0.0371585,0.636149,2.93627,0.00429614,0.0513648,-1.03872,-1.6221,1.26347,-1.09802,-3.40183
3.90707,-0.0301134,0.664214,2.65884,0.00478879,0.0408933,-0.965647,-1.46901,1.20927,-1.07485,-3.36268
3.91779,-0.0228213,0.688612,2.33455,0.00517378,0.0313316,-0.872302,-1.28962,1.07515,-0.947909,-3.29221
3.92849,-0.015385,0.70935,2.02211,0.00546182,0.022788,-0.787404,-1.11629,1.05131,-0.872612,-3.33136
3.93949,-0.007513,0.726495,1.64074,0.00566348,0.015192,-0.669528,-0.904562,1.04967,-0.692345,-3.42532
3.95024,0.000395259,0.739892,1.31963,0.00578968,0.0087306,-0.58613,-0.725678,1.10444,-0.654009,-3.51145
3.96105,0.00846781,0.74916,0.933991,0.0058528,0.00339206,-0.470873,-0.511063,1.16553,-0.488312,-3.67588
3.97195,0.0166232,0.751553,0.300173,0.00586582,-0.000547419,-0.233163,-0.159908,1.211,-0.337862,-3.68371
3.98346,0.025288,0.74813,-0.211216,0.00585397,-0.00137785,-0.0574655,0.123916,1.16229,-0.203524,-3.73852
3.99417,0.0332301,0.740295,-0.656341,0.00584211,-0.000729924,0.0801473,0.370803,1.12137,-0.0616116,-3.75418
4.00496,0.0412041,0.731169,-0.763803,0.0058417,0.000434771,0.0560055,0.431847,1.01901,-0.0477954,-3.71503
4.0169,0.0498216,0.718594,-0.97337,0.00585341,0.00147609,0.0826569,0.548833,0.900412,0.0108134,-3.68371
4.02753,0.0574031,0.704301,-1.2671,0.00587573,0.00286666,0.14518,0.711407,0.859827,0.122793,-3.57409
4.03826,0.0648364,0.686337,-1.60762,0.00591877,0.00512859,0.241393,0.89912,0.811623,0.212235,-3.74635
4.05024,0.072853,0.662858,-1.89752,0.00600343,0.00870668,0.31382,1.05846,0.787652,0.242086,-3.94211
4.06108,0.0799928,0.637717,-2.22017,0.00611957,0.0128149,0.397085,1.23506,0.825833,0.332656,-4.08305
4.07178,0.086647,0.609145,-2.61213,0.00628556,0.0180238,0.523848,1.44894,0.917582,0.536406,-4.16918
4.08351,0.0936129,0.572639,-3.02898,0.00653964,0.0252517,0.668054,1.6755,0.99316,0.755176,-4.21616
4.09441,0.0996399,0.534552,-3.44007,0.00685581,0.0334396,0.806565,1.89829,1.09226,0.952009,-4.32578
4.10507,0.105126,0.492819,-3.85446,0.00726852,0.0431103,0.956123,2.12227,1.08059,1.17006,-4.50587
4.11679,0.110605,0.443468,-4.16401,0.00784688,0.055284,1.05846,2.28815,1.0387,1.25311,-4.58417
4.12752,0.115103,0.394142,-4.54977,0.00850932,0.0676169,1.19939,2.49563,1.08002,1.51,-4.60766
4.13817,0.119007,0.342502,-4.83458,0.00931079,0.0810989,1.29922,2.64787,1.09961,1.60202,-4.62332
4.14914,0.12246,0.287112,-5.01634,0.0102626,0.0955068,1.35304,2.74387,1.08076,1.61125,-4.69379
4.15972,0.125223,0.231576,-5.18592,0.0113723,0.110461,1.40515,2.8336,0.989522,1.67159,-4.87388
4.17044,0.12739,0.174277,-5.3447,0.0126458,0.125993,1.45854,2.91789,1.00735,1.74201,-5.10878
4.18139,0.128966,0.114891,-5.43328,0.0140887,0.142005,1.48233,2.96442,0.971216,1.72911,-5.16359
4.19198,0.129877,0.0557278,-5.53326,0.0157055,0.158354,1.51758,3.01788,1.09007,1.78833,-5.28887
4.20286,0.130141,-0.00715643,-5.77448,0.0175865,0.175936,1.63046,3.14911,1.19182,2.0735,-5.40632
4.21356,0.129731,-0.0697763,-5.86774,0.0194812,0.192909,1.67495,3.20049,1.2935,2.08977,-5.53943
4.22454,0.128634,-0.133901,-5.96647,0.0216562,0.21212,1.72867,3.25571,1.11567,2.18553,-5.71169
4.23536,0.126791,-0.199894,-5.99463,0.0241438,0.230901,1.75338,3.27336,1.23867,2.20443,-5.82131
4.24613,0.124325,-0.26195,-5.83312,0.0267295,0.24963,1.68963,3.18813,0.986783,1.99553,-5.89961
4.25779,0.121141,-0.324723,-5.81393,0.029514,0.267907,1.70363,3.18124,1.0084,2.12277,-5.81348
4.26982,0.116981,-0.389441,-5.59486,0.0327717,0.287193,1.62384,3.06588,1.1363,1.89026,-6.04838
4.28183,0.111967,-0.452095,-5.3054,0.0362492,0.30533,1.51811,2.91226,1.34265,1.68846,-5.97791
4.29273,0.10608,-0.512361,-4.99368,0.0400891,0.322893,1.40957,2.74638,1.50821,1.53934,-6.02489
4.30482,0.100207,-0.562054,-4.60144,0.0438023,0.337542,1.26916,2.53548,1.64046,1.26109,-5.94659
4.31681,0.0931821,-0.612104,-4.25077,0.0478432,0.351337,1.14977,2.34695,1.77183,1.11382,-6.0014
4.32877,0.0855095,-0.657994,-3.87249,0.0522172,0.364484,1.02791,2.14242,1.72656,0.936769,-5.93876
4.34082,0.0774573,-0.697785,-3.42805,0.0565567,0.375403,0.879413,1.9005,1.65979,0.695819,-6.15017
4.35281,0.0689358,-0.731711,-2.9285,0.0612007,0.384831,0.707272,1.62713,1.82253,0.421315,-6.14234
4.36485,0.0597954,-0.759015,-2.31566,0.065944,0.391685,0.483255,1.29027,1.99869,0.0226356,-6.00923
4.37681,0.0506364,-0.779026,-1.76975,0.0705609,0.395761,0.299165,0.989008,2.22879,-0.192777,-5.96225
4.38882,0.0412869,-0.791272,-1.11996,0.0754044,0.397349,0.0635307,0.629666,2.0625,-0.598416,-5.93093
4.40183,0.0308559,-0.792915,-0.227127,0.0806328,0.395249,-0.291595,0.135528,2.12662,-1.30445,-5.90744
4.41254,0.0215659,-0.784133,0.654063,0.0852321,0.389425,-0.62998,-0.352358,2.27496,-1.82547,-5.73518
4.4248,0.01315,-0.768801,1.33195,0.0893673,0.380537,-0.877723,-0.728233,2.07342,-2.08081,-5.58641
4.43682,0.00396833,-0.741669,2.14156,0.0939291,0.367005,-1.19988,-1.17665,2.30596,-2.6714,-5.50028
4.44882,-0.00474477,-0.707327,2.77004,0.0981355,0.350463,-1.42396,-1.52481,2.21432,-2.89522,-5.51594
4.4608,-0.0131736,-0.667817,3.1404,0.102469,0.332037,-1.52367,-1.7303,2.35842,-2.8462,-5.03831
4.47152,-0.0207806,-0.626059,3.4769,0.106245,0.313109,-1.60936,-1.91636,2.52914,-2.89778,-4.8269
4.48283,-0.027221,-0.583657,3.91931,0.109362,0.294676,-1.75619,-2.15992,2.46729,-3.1522,-5.06963
4.4948,-0.0335556,-0.536369,4.11868,0.112696,0.274395,-1.793,-2.26931,2.67705,-3.01909,-5.02265
4.50683,-0.0396726,-0.481979,4.46789,0.115778,0.252316,-1.9059,-2.46047,2.73329,-3.24838,-5.12444
4.51881,-0.0451994,-0.420344,4.97765,0.118705,0.227977,-2.10139,-2.7393,2.74029,-3.64369,-4.88954
4.53082,-0.0497863,-0.358651,5.19415,0.121226,0.203194,-2.15602,-2.85676,2.66829,-3.52877,-4.52936
4.54165,-0.053714,-0.293808,5.34782,0.123538,0.176514,-2.18842,-2.93961,2.49527,-3.50851,-4.2005
4.55383,-0.0565756,-0.234194,5.472,0.125299,0.152509,-2.21251,-3.00649,2.26328,-3.49792,-4.00475
4.5645,-0.0590075,-0.166426,5.55857,0.126988,0.125353,-2.22814,-3.05279,2.07646,-3.47792,-4.20833
4.57583,-0.0604733,-0.108562,5.41349,0.128203,0.102077,-2.13193,-2.97237,1.95319,-3.14299,-4.44323
4.58782,-0.0613748,-0.050938,5.08858,0.129214,0.0792588,-1.95498,-2.79353,1.98462,-2.69258,-4.69379
4.59983,-0.0616457,0.00586739,4.72398,0.130037,0.056802,-1.7636,-2.59325,1.88958,-2.29726,-4.81124
4.61179,-0.0612556,0.058983,4.41865,0.130583,0.0374036,-1.60802,-2.42582,1.65451,-2.03082,-4.87388
4.62384,-0.060238,0.108711,4.10728,0.130921,0.0190559,-1.45583,-2.2553,1.42032,-1.74168,-4.81907
4.63772,-0.0586733,0.154769,3.89317,0.131046,0.00219414,-1.35847,-2.13833,1.07371,-1.62083,-4.96001
4.64983,-0.0561384,0.203854,3.49678,0.130957,-0.0142454,-1.17516,-1.92148,0.722569,-1.51687,-5.12444
4.66183,-0.0534462,0.24222,3.20466,0.130697,-0.0275948,-1.05356,-1.76177,0.572288,-1.43918,-5.20274
4.6729,-0.050308,0.27697,2.90515,0.130285,-0.0393463,-0.929844,-1.59793,0.736528,-1.22775,-5.17925
4.68587,-0.0469394,0.306332,2.57502,0.129763,-0.0490484,-0.795204,-1.41712,0.893596,-0.987674,-5.53943
4.69783,-0.0429977,0.33291,2.19367,0.12911,-0.0573707,-0.63723,-1.20802,0.956476,-0.694559,-6.04055
4.70988,-0.0388601,0.353079,1.71245,0.128368,-0.0636369,-0.434949,-0.9438,0.945237,-0.296813,-6.38507
4.72183,-0.0345958,0.368151,1.31627,0.127597,-0.0674478,-0.277224,-0.726095,0.609284,-0.0878554,-6.4712
4.73379,-0.0300239,0.379431,0.967109,0.126759,-0.0694707,-0.144324,-0.534047,0.313424,0.0931378,-6.3146
4.74584,-0.0255408,0.386066,0.6104,0.125942,-0.0698623,-0.0107144,-0.337704,-0.0612941,0.301918,-6.29894
4.75784,-0.0207988,0.389387,0.318067,0.125094,-0.068878,0.0915238,-0.176633,-0.273656,0.412292,-6.37724
4.76984,-0.0161698,0.389032,0.015562,0.124299,-0.0667347,0.196283,-0.00990388,-0.374611,0.565502,-6.49469
4.78185,-0.0114723,0.38544,-0.25004,0.123505,-0.0634224,0.283676,0.136575,-0.267191,0.660954,-6.60431
4.79384,-0.00688807,0.378966,-0.494783,0.122759,-0.0589488,0.359956,0.27158,-0.083784,0.743316,-6.69827
4.80584,-0.00248673,0.370259,-0.697833,0.122097,-0.0541028,0.416498,0.38362,-0.00219473,0.77794,-6.73742
4.81783,0.0019123,0.358785,-0.907675,0.121496,-0.0486509,0.478234,0.499356,-0.115515,0.851116,-6.71393
4.82871,0.00620409,0.345272,-1.06628,0.120941,-0.0421776,0.51438,0.586848,-0.0806185,0.843826,-6.66695
4.84085,0.00984601,0.331965,-1.20157,0.12052,-0.0364509,0.539935,0.66143,-0.0935706,0.833009,-6.69044
4.85284,0.013829,0.314705,-1.36209,0.120104,-0.0293183,0.584486,0.749832,-0.235856,0.892104,-6.7061
4.86373,0.0174576,0.297075,-1.45062,0.119801,-0.0225544,0.589708,0.798566,-0.250717,0.819418,-6.66695
4.87585,0.0206407,0.279999,-1.51673,0.119595,-0.0162416,0.587202,0.834911,-0.293847,0.763267,-6.61997
4.88784,0.0238387,0.261103,-1.56725,0.119442,-0.00908068,0.581277,0.862636,-0.127817,0.709479,-6.49469
4.89895,0.0269044,0.241251,-1.59649,0.119376,-0.00206571,0.564572,0.878615,-0.00618043,0.637656,-6.45554
4.91085,0.0295103,0.226225,-1.32226,0.119384,0.00293185,0.397373,0.727756,0.104239,0.509389,-6.43988
4.92285,0.0321088,0.211417,-1.22152,0.119447,0.0071711,0.321446,0.672279,0.185767,0.435995,-6.43988
4.93485,0.0345104,0.196667,-1.2296,0.119553,0.0106681,0.30002,0.67661,0.381325,0.427578,-6.30677
4.9468,0.0368249,0.181378,-1.22603,0.119705,0.0140556,0.274699,0.674526,0.399858,0.347391,-6.25196
4.95885,0.0388899,0.167202,-1.17623,0.119888,0.0170097,0.2271,0.647037,0.489004,0.206721,-6.2363
4.97083,0.0408112,0.153399,-1.1328,0.120112,0.0194638,0.185128,0.623051,0.528052,0.108321,-6.06404
4.98157,0.0425788,0.140471,-1.05739,0.120351,0.0211409,0.128557,0.581501,0.562102,-0.037394,-5.89178
4.9923,0.0440257,0.129739,-0.987935,0.120584,0.0221077,0.0764649,0.543245,0.5971,-0.152115,-5.85263
5.00386,0.0453575,0.119665,-0.930202,0.120825,0.0226857,0.0333811,0.511442,0.634723,-0.243106,-5.69603
5.01584,0.0467072,0.109744,-0.829908,0.121092,0.0227884,-0.0298811,0.456261,0.550922,-0.401088,-5.64122
5.02785,0.0479471,0.100172,-0.798135,0.121356,0.0222355,-0.0590283,0.438734,0.445708,-0.433354,-5.69603
5.03985,0.0491077,0.0899397,-0.826642,0.121624,0.0216153,-0.0569255,0.454323,0.480732,-0.409515,-5.51594
5.05286,0.05019,0.0786875,-0.86593,0.121903,0.0207846,-0.0486464,0.475833,0.551519,-0.400266,-5.39066
5.06486,0.0510782,0.0673344,-0.92458,0.122152,0.020146,-0.0299055,0.507983,0.697037,-0.36555,-5.40632
5.07684,0.0518116,0.0558161,-0.959932,0.122386,0.0197173,-0.0209204,0.527343,0.738902,-0.370746,-5.59424
5.08883,0.0524144,0.0440597,-0.968,0.122624,0.0193711,-0.0240762,0.531725,0.713681,-0.399574,-5.69603
5.10085,0.0528681,0.0329363,-0.939245,0.122849,0.0189561,-0.0443879,0.515895,0.697168,-0.46489,-5.60207
5.11284,0.0532053,0.0220306,-0.88563,0.123076,0.0182259,-0.0756856,0.486422,0.724164,-0.542952,-5.35151
5.12487,0.0534054,0.0118167,-0.861876,0.123283,0.0170687,-0.0908886,0.47336,0.720209,-0.559088,-5.32802
5.13686,0.0534859,0.00169768,-0.848772,0.123482,0.0156056,-0.0994141,0.466157,0.69923,-0.571605,-5.28887
5.14884,0.0534467,-0.00813884,-0.80809,0.123655,0.0140773,-0.120574,0.443817,0.688738,-0.627884,-5.24972
5.16084,0.0532881,-0.0186404,-0.888369,0.123819,0.0128218,-0.0799924,0.487919,0.64624,-0.483797,-5.2967
5.17168,0.0529941,-0.0300744,-0.949914,0.123964,0.0119335,-0.0476198,0.521746,0.64174,-0.430779,-5.40632
5.18257,0.0526079,-0.0407708,-0.984997,0.124095,0.0114753,-0.0271679,0.541047,0.659501,-0.403252,-5.44547
5.19346,0.0521034,-0.0511474,-0.950181,0.124216,0.0110592,-0.0408114,0.521965,0.569027,-0.463485,-5.36717
5.20433,0.0514966,-0.0610119,-0.917727,0.124332,0.0104899,-0.0521102,0.504186,0.443339,-0.478307,-5.28104
5.21495,0.0507968,-0.0700469,-0.852872,0.124441,0.009773,-0.0786269,0.468612,0.474557,-0.540086,-5.19491
5.22686,0.0500036,-0.0791401,-0.862871,0.12454,0.00876413,-0.066753,0.474158,0.481731,-0.468897,-5.24189
5.23886,0.0490046,-0.0881861,-0.767393,0.124639,0.00745338,-0.106768,0.421769,0.504131,-0.594491,-5.20274
5.2509,0.0479,-0.0963329,-0.691266,0.124717,0.00589102,-0.135072,0.380005,0.560641,-0.627021,-5.10095
5.26167,0.0466888,-0.10373,-0.622783,0.124777,0.00402997,-0.15851,0.342433,0.69707,-0.655616,-5.08529
5.27235,0.0455421,-0.109995,-0.595093,0.124811,0.00225137,-0.160479,0.327265,0.826993,-0.624105,-5.07746
5.28318,0.0443214,-0.116256,-0.59222,0.124825,0.000505214,-0.15066,0.325731,0.80878,-0.582235,-5.10878
5.29404,0.0429995,-0.124918,-0.803082,0.124824,-0.000268618,-0.0331418,0.441656,0.688301,-0.61914,-5.24972
5.30485,0.0416045,-0.134257,-0.881188,0.124822,-0.00015784,0.0189164,0.484647,0.615406,-0.551983,-5.25755
5.31565,0.0401072,-0.142857,-0.810528,0.124821,-0.000107927,-0.00276079,0.445882,0.578389,-0.599508,-5.26538
5.32649,0.0385092,-0.151263,-0.789217,0.124819,-0.000147787,0.00126362,0.434232,0.551938,-0.590496,-5.17925
5.33748,0.0368387,-0.159159,-0.750044,0.124817,-0.000187835,-0.0026615,0.412757,0.600729,-0.624939,-5.15576
5.34819,0.0350536,-0.167174,-0.750165,0.124814,-0.000341025,0.0137858,0.412876,0.626576,-0.564698,-5.10878
5.35899,0.0332088,-0.17345,-0.597458,0.12481,-0.000560105,-0.0451042,0.32897,0.678332,-0.744937,-5.11661
5.36966,0.0313336,-0.178922,-0.53255,0.124801,-0.00107093,-0.0594767,0.29331,0.709462,-0.706559,-5.1401
5.38044,0.0293713,-0.183863,-0.475969,0.124786,-0.00168813,-0.069382,0.262216,0.700039,-0.701144,-5.1401
5.39118,0.0273639,-0.188744,-0.472627,0.124764,-0.00239268,-0.0517995,0.260384,0.663563,-0.617467,-5.11661
5.40229,0.0252574,-0.193558,-0.457543,0.124734,-0.00293757,-0.0396495,0.252089,0.662343,-0.579244,-5.17925
5.41315,0.0231245,-0.198527,-0.477632,0.1247,-0.00328034,-0.00893573,0.263129,0.726955,-0.478821,-5.17142
5.42388,0.0209825,-0.202874,-0.428337,0.124664,-0.00343537,-0.0126656,0.236008,0.635233,-0.501061,-5.16359
5.43557,0.0185848,-0.207147,-0.388874,0.124622,-0.00367732,-0.0113891,0.214282,0.635787,-0.470124,-5.1401
5.44653,0.0162946,-0.210556,-0.333329,0.124581,-0.00393327,-0.0156446,0.183704,0.609304,-0.461149,-5.10095
5.45716,0.0140331,-0.213218,-0.271534,0.124537,-0.00431095,-0.0240792,0.14968,0.567537,-0.455868,-5.03831
5.46904,0.0114896,-0.215261,-0.197043,0.124481,-0.0047256,-0.0391427,0.108659,0.521642,-0.467006,-4.9835
5.47971,0.00918628,-0.216492,-0.138019,0.124431,-0.00513781,-0.0437038,0.0761442,0.539241,-0.439667,-4.99916
5.49052,0.00683911,-0.217355,-0.102737,0.124371,-0.00556508,-0.0387491,0.0566819,0.543927,-0.392323,-4.89737
5.50225,0.00428531,-0.217703,-0.0546793,0.124303,-0.00594769,-0.0397524,0.0301851,0.580326,-0.375892,-4.99916
5.51287,0.00196491,-0.217916,-0.0428117,0.12424,-0.00625863,-0.0206331,0.0235977,0.608565,-0.29205,-4.93652
5.52347,-0.000345065,-0.217652,0.00224442,0.124172,-0.0064753,-0.020398,-0.00124342,0.6391,-0.284753,-5.03048
5.53443,-0.00271688,-0.216695,0.064341,0.124098,-0.00666691,-0.0287854,-0.0354576,0.542083,-0.285076,-4.92086
5.54521,-0.00504761,-0.215412,0.0961041,0.124025,-0.00684577,-0.0213996,-0.0529854,0.520371,-0.228698,-4.95218
5.55587,-0.00733917,-0.214051,0.105042,0.123954,-0.00695241,-0.00300404,-0.0579563,0.470481,-0.155977,-5.03048
5.56683,-0.00965265,-0.211967,0.1692,0.123875,-0.00709962,-0.0126038,-0.0932943,0.435748,-0.179804,-4.96784
5.57768,-0.0119383,-0.208819,0.267327,0.123798,-0.00731826,-0.0389744,-0.147306,0.446229,-0.223587,-5.03831
5.58859,-0.0142065,-0.205548,0.276494,0.123718,-0.00760608,-0.0211363,-0.152387,0.476952,-0.11607,-4.96784
